Cube,IncTime,LC,Pond,NutRat,VitAdd,Year,P_F_B,P_Fm_B,P_Fm-F_B,P_Y_B,P_FvFM_B,P_Chl_B,P_F_G,P_Fm_G,P_Fm-F_G,P_Y_G,P_FvFM_G,P_Chl_G,P_F_Br,P_Fm_Br,P_Fm-F_Br,P_Y_Br,P_FvFM_Br,P_Chl_Br,P_F_PE,P_Fm_PE,P_Fm-F_PE,P_Y_PE,P_FvFM_PE,P_Chl_PE,P_F_E_B,P_Fm_E_B,P_Fm-F_E_B,P_Y_E_B,P_FvFM_E_B,P_Chl_E_B,P_F_E_G,P_Fm_E_G,P_Fm-F_E_G,P_Y_E_G,P_FvFM_E_G,P_Chl_E_G,P_F_E_Br,P_Fm_E_Br,P_Fm-F_E_Br,P_Y_E_Br,P_FvFM_E_Br,P_Chl_E_Br,P_F_E_PE,P_Fm_E_PE,P_Fm-F_E_PE,P_Y_E_PE,P_FvFM_E_PE,P_Chl_E_PE,L_TDN,L_TN,L_TDP,L_TP,L_DP,L_NH4,L_NOX,PP,Chl_445,EA_N,EA_C
n/a,0,1,13,2.2,no,2022,330,346.5,0,0,0,1.6,2243,4511,2273.5,0.505,0.505,12.95,907,1467.5,548,0.375,0.375,3.5,0,0,0,0,0,0,64,82.5,0,0,0,0.3,113,83,25.5,0.015,0.015,0.65,53,38.5,23,0.025,0.025,0.2,0,0,0,0,0,0,,,,,,,,,,,
n/a,0,2,13,16,no,2022,1357.5,2804.5,658,0.29,0.29,3.35,683.5,1664.5,979,0.585,0.585,1.8,2731,3960,1210.5,0.305,0.305,4.65,0,0,0,0,0,0,205.5,531.5,1,0,0,0.05,29.5,117.5,77,0.005,0.005,0.1,52,40,0.5,0.005,0.005,0.05,0,0,0,0,0,0,,,,,,,,,,,
n/a,0,3,13,55,no,2022,1822,2398,562.5,0.235,0.235,44.5,2790,6308.5,3500,0.555,0.555,81.75,0,0,0,0,0,0,0,0,0,0,0,0,28,52,34.5,0.005,0.005,0.7,6,42.5,55,0.005,0.005,0.15,0,0,0,0,0,0,0,0,0,0,0,0,,,,,,,,,,,
n/a,0,4,13,110,no,2022,2101.5,2667.5,530.5,0.2,0.2,77,1149,1279.5,120.5,0.145,0.145,50.5,0,0,0,0,0,0,0,0,0,0,0,0,16.5,33.5,6.5,0,0,0.6,0,6.5,4.5,0.045,0.045,0,0,0,0,0,0,0,0,0,0,0,0,0,,,,,,,,,,,
n/a,0,13,13,0,no,2022,1555.5,2226,657.5,0.295,0.295,7.5,1320,2760,1426.5,0.515,0.515,7.65,1109.5,1799,684,0.38,0.38,4.3,0,0,0,0,0,0,5.5,25,26.5,0.005,0.005,0,72,105,37.5,0.005,0.005,0.45,3.5,46,46,0.02,0.02,0,0,0,0,0,0,0,,,,,,,,,,,
n/a,0,5,14,16,no,2022,117,109.5,0,0,0,0.65,3253,7097,3771,0.53,0.53,22.65,494.5,497,0,0,0,2.2,0,0,0,0,0,0,47,39.5,0,0,0,0.15,607,1325,645,0.01,0.01,0.35,135.5,142,0,0,0,0.2,0,0,0,0,0,0,,,,,,,,,,,
n/a,0,6,14,55,no,2022,2220,2331.5,127,0.055,0.055,121.95,0,0,0,0,0,0,384,448,56,0.125,0.125,16.85,0,0,0,0,0,0,39,31.5,2,0.005,0.005,2.15,0,0,0,0,0,0,3,15,6,0.005,0.005,0.15,0,0,0,0,0,0,,,,,,,,,,,
n/a,0,7,14,110,no,2022,2815,4108,1294,0.315,0.315,20.35,0,0,0,0,0,0,771.5,1208.5,391,0.325,0.325,4.45,0,0,0,0,0,0,25,51,14,0.005,0.005,0.15,0,0,0,0,0,0,6.5,54.5,11,0.005,0.005,0.05,0,0,0,0,0,0,,,,,,,,,,,
n/a,0,8,14,2.2,no,2022,1351,1830.5,486,0.265,0.265,74.25,0,0,0,0,0,0,0,0,0,0,0,0,0,0,0,0,0,0,8,19.5,14,0.005,0.005,0.45,0,0,0,0,0,0,0,0,0,0,0,0,0,0,0,0,0,1.55,,,,,,,,,,,
n/a,0,14,14,0,no,2022,1374.5,1731.5,379.5,0.22,0.22,4.4,1533,3121.5,1565,0.5,0.5,5.95,1225.5,1828.5,598.5,0.33,0.33,3.15,0,0,0,0,0,0,30.5,49.5,16.5,0,0,0.1,10,12.5,14,0.01,0.01,0.05,47.5,70.5,22.5,0,0,0.15,0,0,0,0,0,0,,,,,,,,,,,
n/a,0,9,15,55,no,2022,998.5,992,0,0,0,3.85,2188,5160,2924,0.565,0.565,10.2,863,879,0,0,0,2.6,1222,1634,400,0.24,0.24,56.45,183.5,172,0,0,0,0.05,356,814,449,0.005,0.005,0.4,205,196,0,0,0,0.1,34,45,11,0,0,0,,,,,,,,,,,
n/a,0,10,15,110,no,2022,1933.5,2810,903,0.32,0.32,5,817.5,1993,1150.5,0.575,0.575,2.55,1874,2604.5,767,0.295,0.295,3.85,0,0,0,0,0,0,333.5,347,78,0.01,0.01,0.1,120.5,351,225.5,0.015,0.015,0.15,442,505.5,112,0.015,0.015,0.15,0,0,0,0,0,0,,,,,,,,,,,
n/a,0,11,15,2.2,no,2022,1086.5,1421.5,325.5,0.23,0.23,2.3,984,1990.5,951,0.475,0.475,2.55,1733.5,2378.5,651.5,0.275,0.275,3,0,0,0,0,0,0,16.5,53.5,27.5,0.01,0.01,0.1,54,98.5,20,0.015,0.015,0.15,58.5,47.5,24.5,0.005,0.005,0.1,0,0,0,0,0,0,,,,,,,,,,,
n/a,0,12,15,16,no,2022,1067.5,1510.5,417,0.28,0.28,3.45,686.5,1373,722,0.525,0.525,2.65,2407.5,3632,1146,0.315,0.315,6.2,0,0,0,0,0,0,17.5,32.5,8,0,0,0.05,0.5,28,22,0.005,0.005,0.05,68.5,79,31,0.005,0.005,0.2,0,0,0,0,0,0,,,,,,,,,,,
n/a,0,15,15,0,no,2022,1245,1616,355,0.22,0.22,4,1108.5,2368,1272.5,0.54,0.54,4.3,1661,2572.5,849,0.33,0.33,4.25,0,0,0,0,0,0,89,126,13,0.01,0.01,0.3,99.5,95,14.5,0.03,0.03,0.4,59,61.5,21,0.02,0.02,0.15,0,0,0,0,0,0,,,,,,,,,,,
1,48,1,13,2.2,no,2022,0,0,0,0,0,0,3464,6668,3191,0.48,0.48,30.1,0,0,0,0,0,0,0,0,0,0,0,0,na,na,na,na,na,na,na,na,na,na,na,na,na,na,na,na,na,na,na,na,na,na,na,na,524,926.5,20,30.4,2.11,40,12.1,0.018912436,9.339885,0.194106027,1.557565
2,48,1,13,2.2,no,2022,0,0,0,0,0,0,3350,6232,2814,0.45,0.45,29.1,0,0,0,0,0,0,0,0,0,0,0,0,na,na,na,na,na,na,na,na,na,na,na,na,na,na,na,na,na,na,na,na,na,na,na,na,492,868,18.2,24.1,2.04,30.8,11.5,0.017629527,11.742485,0.207438637,1.552456
3,48,1,13,2.2,no,2022,178,135,0,0,0,1.3,4099,7594,3422,0.45,0.45,35.6,0,0,0,0,0,0,0,0,0,0,0,0,na,na,na,na,na,na,na,na,na,na,na,na,na,na,na,na,na,na,na,na,na,na,na,na,571,978,16.2,32.1,2.03,38.1,12.9,0.017697049,13.61206917,0.226633642,1.654039919
4,48,1,13,2.2,yes,2022,0,127,0,0,0,0.09,3175,6790,3239,0.48,0.48,27.6,300,0,0,0,0,1.7,0,0,0,0,0,0,na,na,na,na,na,na,na,na,na,na,na,na,na,na,na,na,na,na,na,na,na,na,na,na,541,547,16.2,26.8,1.44,42.3,13.1,0.021365717,13.10322583,0.232141037,1.723495424
5,48,1,13,2.2,yes,2022,89,0,0,0,0,0.6,2474,5448,2647,0.49,0.49,21.5,333,0,0,0,0,1.9,0,0,0,0,0,0,na,na,na,na,na,na,na,na,na,na,na,na,na,na,na,na,na,na,na,na,na,na,na,na,562,751,16.4,31.65,2.13,50.35,14.65,0.020758024,12.31139333,0.242012627,1.942596585
6,48,1,13,2.2,yes,2022,0,0,0,0,0,0,3332,6549,3171,0.48,0.48,28.9,0,0,0,0,0,0,0,0,0,0,0,0,na,na,na,na,na,na,na,na,na,na,na,na,na,na,na,na,na,na,na,na,na,na,na,na,549,863,15.8,26.3,1.35,40.8,14.5,0.021208167,13.69703917,0.240248162,1.785933077
7,48,2,13,16,no,2022,906,1082,150,0.14,0.14,2.9,1561,2451,885,0.36,0.36,6,1290,1758,482,0.27,0.27,3.3,0,0,0,0,0,0,na,na,na,na,na,na,na,na,na,na,na,na,na,na,na,na,na,na,na,na,na,na,na,na,765.5,940,22.1,24.9,2.67,9.55,38.4,0.018349757,7.260805833,0.136179086,0.934892669
8,48,2,13,16,no,2022,991,1086,122,0.11,0.11,3.2,1683,2568,876,0.34,0.34,6.5,1295,1748,464,0.27,0.27,3.3,0,0,0,0,0,0,na,na,na,na,na,na,na,na,na,na,na,na,na,na,na,na,na,na,na,na,na,na,na,na,733,1040,29.9,28,2.19,2.99,34.3,0.017539499,10.19568917,0.1662088,1.257894337
9,48,2,13,16,no,2022,1051,1295,154,0.12,0.12,3.3,1349,2276,874,0.38,0.38,5.2,1193,1717,468,0.27,0.27,3.1,0,0,0,0,0,0,na,na,na,na,na,na,na,na,na,na,na,na,na,na,na,na,na,na,na,na,na,na,na,na,797,1040,24.5,29.5,2.11,26.4,40.3,0.01760702,7.261538333,0.174730923,1.277663261
10,48,2,13,16,yes,2022,852,974,122,0.13,0.13,2.7,1403,2330,924,0.4,0.4,5.4,1040,1395,364,0.26,0.26,2.7,0,0,0,0,0,0,na,na,na,na,na,na,na,na,na,na,na,na,na,na,na,na,na,na,na,na,na,na,na,na,740,1020,22.6,31.8,3.48,6.68,35.9,0.020127823,7.764033333,0.171716213,1.216819733
11,48,2,13,16,yes,2022,1160,1414,260,0.18,0.18,3.7,1619,2573,992,0.39,0.39,6.2,1368,2005,643,0.32,0.32,3.5,0,0,0,0,0,0,na,na,na,na,na,na,na,na,na,na,na,na,na,na,na,na,na,na,na,na,na,na,na,na,793,976,18.5,30.2,1.85,23.6,41.1,0.015446332,8.405703333,0.118625872,0.843336359
12,48,2,13,16,yes,2022,1004,1148,142,0.12,0.12,3.2,1735,2840,1111,0.39,0.39,6.7,1111,1590,479,0.3,0.3,2.9,0,0,0,0,0,0,na,na,na,na,na,na,na,na,na,na,na,na,na,na,na,na,na,na,na,na,na,na,na,na,738,1050,28.8,31.6,2.32,3.98,53.4,0.014365988,9.078870833,0.147499284,1.067453176
13,48,3,13,55,no,2022,1403,2007,598,0.3,0.3,51.4,2807,4633,1789,0.39,0.39,123.4,0,0,0,0,0,0,0,0,0,0,0,0,na,na,na,na,na,na,na,na,na,na,na,na,na,na,na,na,na,na,na,na,na,na,na,na,9170,3490,39,92.9,16.8,579,5580,0.275101747,529.3516458,1.726088524,15.45760751
14,48,3,13,55,no,2022,1276,1754,482,0.27,0.27,46.7,3096,5104,1993,0.39,0.39,136.1,0,0,0,0,0,0,0,0,0,0,0,0,na,na,na,na,na,na,na,na,na,na,na,na,na,na,na,na,na,na,na,na,na,na,na,na,9140,10500,32.6,118,11.4,766,5580,0.112825055,87.0002675,1.067585647,8.144153357
15,48,3,13,55,no,2022,1415,2025,607,0.3,0.3,77.7,2524,4162,1597,0.38,0.38,166.4,0,0,0,0,0,0,0,0,0,0,0,0,na,na,na,na,na,na,na,na,na,na,na,na,na,na,na,na,na,na,na,na,na,na,na,na,9230,11500,80.4,644,31.5,852,5340,0.289956479,103.624355,5.962979794,65.89068413
16,48,3,13,55,yes,2022,939,1315,368,0.28,0.28,51.6,1901,3212,1293,0.4,0.4,125.3,0,0,0,0,0,0,0,0,0,0,0,0,na,na,na,na,na,na,na,na,na,na,na,na,na,na,na,na,na,na,na,na,na,na,na,na,9345,10800,40.5,118,14.6,764,5610,0.139383515,95.27629667,1.407222897,12.00671196
17,48,3,13,55,yes,2022,1588,2202,612,0.28,0.28,58.2,2577,4186,1590,0.38,0.38,113.3,0,0,0,0,0,0,0,0,0,0,0,0,na,na,na,na,na,na,na,na,na,na,na,na,na,na,na,na,na,na,na,na,na,na,na,na,8750,10000,70.6,138,27.1,582,5290,0.324842592,511.8988567,9.581454396,107.6221848
18,48,3,13,55,yes,2022,1729,2432,700,0.29,0.29,63.3,3695,6284,2572,0.41,0.41,162.4,0,0,0,0,0,0,0,0,0,0,0,0,na,na,na,na,na,na,na,na,na,na,na,na,na,na,na,na,na,na,na,na,na,na,na,na,9310,6600,72.4,116,22.9,760,5530,0.17854599,105.3523225,1.528030783,15.36796212
19,48,4,13,110,no,2022,2194,2591,383,0.15,0.15,23.8,3165,3426,246,0.07,0.07,41.2,0,0,0,0,0,0,0,0,0,0,0,0,na,na,na,na,na,na,na,na,na,na,na,na,na,na,na,na,na,na,na,na,na,na,na,na,4340,2440,54.6,83.1,9.275,74.25,2805,0.095819434,73.625257,1.02499336,6.645543575
20,48,4,13,110,no,2022,1962,2246,312,0.14,0.14,21.3,2936,3133,196,0.06,0.06,38.2,0,0,0,0,0,0,0,0,0,0,0,0,na,na,na,na,na,na,na,na,na,na,na,na,na,na,na,na,na,na,na,na,na,na,na,na,4390,5490,40,115,9.51,67.9,2820,0.090777828,84.174722,0.623177253,4.134681821
21,48,4,13,110,no,2022,2135,2541,349,0.14,0.14,23.2,2996,3387,268,0.08,0.08,39,0,0,0,0,0,0,0,0,0,0,0,0,na,na,na,na,na,na,na,na,na,na,na,na,na,na,na,na,na,na,na,na,na,na,na,na,4620,5530,68.9,103,11.9,77.1,2820,0.090755321,39.36506,0.50126262,3.492487073
22,48,4,13,110,yes,2022,1915,2282,371,0.16,0.16,20.8,3033,3273,226,0.07,0.07,39.5,0,0,0,0,0,0,0,0,0,0,0,0,na,na,na,na,na,na,na,na,na,na,na,na,na,na,na,na,na,na,na,na,na,na,na,na,4240,5460,36.2,105,9.56,84.4,2840,0.086974117,72.831227,0.706393868,4.582709372
23,48,4,13,110,yes,2022,1560,1802,263,0.15,0.15,25.4,2150,2303,153,0.07,0.07,42,0,0,0,0,0,0,0,0,0,0,0,0,na,na,na,na,na,na,na,na,na,na,na,na,na,na,na,na,na,na,na,na,na,na,na,na,4430,5370,45.9,111,9.94,54.5,2820,0.083035362,63.237821,0.615550429,3.750789165
24,48,4,13,110,yes,2022,1732,2037,323,0.16,0.16,28.2,2166,2321,154,0.07,0.07,42.3,0,0,0,0,0,0,0,0,0,0,0,0,na,na,na,na,na,na,na,na,na,na,na,na,na,na,na,na,na,na,na,na,na,na,na,na,4590,4170,63.5,99.4,13.5,67.4,2860,0.075720532,68.510942,0.568468608,3.657801151
25,48,13,13,0,no,2022,977,1331,354,0.27,0.27,2,1607,3563,1956,0.55,0.55,4.1,2233,3783,1550,0.41,0.41,3.6,0,0,0,0,0,0,na,na,na,na,na,na,na,na,na,na,na,na,na,na,na,na,na,na,na,na,na,na,na,na,367,709,17.5,16,2.77,29,28.8,0.015086217,11.224754,0.137309274,1.190315336
26,48,13,13,0,no,2022,933,1172,214,0.18,0.18,0.18,1588,3447,1876,0.54,0.54,0.54,2133,3511,1316,0.37,0.37,3.7,0,0,0,0,0,0,na,na,na,na,na,na,na,na,na,na,na,na,na,na,na,na,na,na,na,na,na,na,na,na,361,630,15.7,20.6,3.2,34.8,29.5,0.016054025,10.888976,0.153685333,1.144015417
27,48,13,13,0,no,2022,670,872,192,0.22,0.22,2.2,1238,2466,1319,0.53,0.53,4.8,1482,2746,1153,0.42,0.42,3.8,0,0,0,0,0,0,na,na,na,na,na,na,na,na,na,na,na,na,na,na,na,na,na,na,na,na,na,na,na,na,421,631,11,17.7,3.82,35.5,33.1,0.015198753,9.586298,0.16255198,1.238293871
28,48,13,13,0,yes,2022,631,753,152,0.2,0.2,2,991,2134,1140,0.53,0.53,3.8,1412,2163,865,0.4,0.4,3.6,0,0,0,0,0,0,na,na,na,na,na,na,na,na,na,na,na,na,na,na,na,na,na,na,na,na,na,na,na,na,356,621,16.8,14.6,2.96,31,30.2,0.015423825,13.53711,0.128988149,1.073546037
29,48,13,13,0,yes,2022,626,894,251,0.28,0.28,2,1182,2632,1453,0.55,0.55,4.6,1419,2527,1051,0.42,0.42,3.7,0,0,0,0,0,0,na,na,na,na,na,na,na,na,na,na,na,na,na,na,na,na,na,na,na,na,na,na,na,na,330,624,10.5,19.4,2.05,22.9,30.4,0.014275959,9.69881,0.097755156,0.773140267
30,48,13,13,0,yes,2022,773,1073,241,0.22,0.22,1.7,1524,3801,2106,0.55,0.55,3.9,1611,2950,1177,0.4,0.4,2.8,0,0,0,0,0,0,na,na,na,na,na,na,na,na,na,na,na,na,na,na,na,na,na,na,na,na,na,na,na,na,305,547,19.5,15.8,2.52,9.29,31.9,0.013758294,8.773809,0.119048711,0.981419384
31,48,5,14,16,no,2022,807,787,0,0,0,3.9,2907,5743,2821,0.49,0.49,16.8,0,0,0,0,0,0,0,0,0,0,0,0,na,na,na,na,na,na,na,na,na,na,na,na,na,na,na,na,na,na,na,na,na,na,na,na,489,839,13.2,31.4,2.635,4.645,255.5,0.020758024,14.643478,0.130903982,1.047958583
32,48,5,14,16,no,2022,1165,1388,272,0.2,0.2,5.6,2661,5507,2775,0.5,0.5,15.4,711,1418,648,0.46,0.46,2.7,0,0,0,0,0,0,na,na,na,na,na,na,na,na,na,na,na,na,na,na,na,na,na,na,na,na,na,na,na,na,569,860,15.2,26.3,2.74,4.62,287,0.01029219,16.838341,0.190443993,1.466659606
33,48,5,14,16,no,2022,883,0,272,0,0,4.3,2414,0,2775,0,0,14,667,0,648,0,0,2.6,0,0,0,0,0,0,na,na,na,na,na,na,na,na,na,na,na,na,na,na,na,na,na,na,na,na,na,na,na,na,414,837,22.4,27.7,2.53,6.17,186,0.018867422,14.373918,0.129497126,1.026001349
34,48,5,14,16,yes,2022,890,1021,139,0.14,0.14,4.3,2928,5971,3041,0.51,0.51,16.9,0,0,0,0,0,0,0,0,0,0,0,0,na,na,na,na,na,na,na,na,na,na,na,na,na,na,na,na,na,na,na,na,na,na,na,na,540,798,13.9,22.5,2.34,3.07,286,0.017021834,16.675726,0.186956841,1.572831571
35,48,5,14,16,yes,2022,864,866,0,0,0,4.2,3266,6445,3126,0.49,0.49,18.9,0,0,0,0,0,0,0,0,0,0,0,0,na,na,na,na,na,na,na,na,na,na,na,na,na,na,na,na,na,na,na,na,na,na,na,na,533,698,18.6,25.4,1.8,6.31,285,0.016121547,17.311243,0.14034749,1.115115657
36,48,5,14,16,yes,2022,809,818,0,0,0,3.9,3069,6201,3125,0.5,0.5,17.8,0,0,0,0,0,0,0,0,0,0,0,0,na,na,na,na,na,na,na,na,na,na,na,na,na,na,na,na,na,na,na,na,na,na,na,na,523,837,12.8,20.7,2.62,3.07,274,0.017944628,16.252048,0.165749416,1.230546311
37,48,6,14,55,no,2022,0,0,0,0,0,0,2655,6201,3125,0.5,0.5,51.9,0,0,0,0,0,0,0,0,0,0,0,0,na,na,na,na,na,na,na,na,na,na,na,na,na,na,na,na,na,na,na,na,na,na,na,na,444,805,64.85,110,43.6,4.7,-3.73,0.04400793,55.044076,0.199417677,2.495769262
38,48,6,14,55,no,2022,0,0,0,0,0,0,2784,7445,4703,0.63,0.63,54.4,0,0,0,0,0,0,0,0,0,0,0,0,na,na,na,na,na,na,na,na,na,na,na,na,na,na,na,na,na,na,na,na,na,na,na,na,453,861,66.9,108,45.1,6.79,-1.72,0.045245824,53.55505,0.27256174,3.360721469
39,48,6,14,55,no,2022,0,0,0,0,0,0,2875,7119,4251,0.6,0.6,56.2,0,0,0,0,0,0,0,0,0,0,0,0,na,na,na,na,na,na,na,na,na,na,na,na,na,na,na,na,na,na,na,na,na,na,na,na,450,888,50.7,107,43.2,5.15,-0.257,0.049927316,57.4959,0.234015137,2.810052931
40,48,6,14,55,yes,2022,0,0,0,0,0,0,2942,7442,4473,0.6,0.6,57.5,0,0,0,0,0,0,0,0,0,0,0,0,na,na,na,na,na,na,na,na,na,na,na,na,na,na,na,na,na,na,na,na,na,na,na,na,518,879,62.2,103,41.7,6.89,-0.936,0.046326168,53.658186,0.204123762,2.404289395
41,48,6,14,55,yes,2022,0,0,0,0,0,0,2970,7671,4684,0.61,0.61,58,0,0,0,0,0,0,0,0,0,0,0,0,na,na,na,na,na,na,na,na,na,na,na,na,na,na,na,na,na,na,na,na,na,na,na,na,444.5,901.5,59,96.8,36.9,7.22,2.14,0.048509364,11.611514,0.294006709,3.423218429
42,48,6,14,55,yes,2022,0,0,0,0,0,0,3289,8218,4927,0.6,0.6,64.3,0,0,0,0,0,0,0,0,0,0,0,0,na,na,na,na,na,na,na,na,na,na,na,na,na,na,na,na,na,na,na,na,na,na,na,na,373,881,53.3,103.5,24.3,6.26,-1.07,0.052178032,51.369856,0.313162543,3.824974895
43,48,7,14,110,no,2022,2343,2524,178,0.07,0.07,57.2,1538,2294,724,0.32,0.32,45.1,0,0,0,0,0,0,0,0,0,0,0,0,na,na,na,na,na,na,na,na,na,na,na,na,na,na,na,na,na,na,na,na,na,na,na,na,7350,8030,25.9,54.3,4.45,19.1,5140,0.049139565,83.538033,0.589783043,4.492622614
44,48,7,14,110,no,2022,2244,2403,158,0.07,0.07,54.8,1569,2284,704,0.31,0.31,46,0,0,0,0,0,0,0,0,0,0,0,0,na,na,na,na,na,na,na,na,na,na,na,na,na,na,na,na,na,na,na,na,na,na,na,na,7440,8280,24.8,57.1,3.71,24,5180,0.055981744,72.956338,0.689292178,5.696812272
45,48,7,14,110,no,2022,1963,2127,164,0.08,0.08,71.9,1515,2766,1140,0.41,0.41,66.6,0,0,0,0,0,0,0,0,0,0,0,0,na,na,na,na,na,na,na,na,na,na,na,na,na,na,na,na,na,na,na,na,na,na,na,na,7310,8050,19.1,80.4,4.55,39.5,5140,0.06579487,74.113102,1.138445884,9.319588542
46,48,7,14,110,yes,2022,1493,1569,75,0.05,0.05,54.7,847,1200,352,0.29,0.29,37.2,0,0,0,0,0,0,0,0,0,0,0,0,na,na,na,na,na,na,na,na,na,na,na,na,na,na,na,na,na,na,na,na,na,na,na,na,6150,8240,20.4,52.2,4.25,15.1,4560,0.051737079,67.49306,0.686478466,4.784867764
47,48,7,14,110,yes,2022,2358,2563,203,0.08,0.08,57.6,1609,2204,610,0.28,0.28,47.2,0,0,0,0,0,0,0,0,0,0,0,0,na,na,na,na,na,na,na,na,na,na,na,na,na,na,na,na,na,na,na,na,na,na,na,na,7270,8450,21.8,58.8,4.36,24.5,5120,0.052147772,59.873009,0.73280327,4.930166602
48,48,7,14,110,yes,2022,2464,2686,180,0.07,0.07,60.2,1537,2166,631,0.29,0.29,45,0,0,0,0,0,0,0,0,0,0,0,0,na,na,na,na,na,na,na,na,na,na,na,na,na,na,na,na,na,na,na,na,na,na,na,na,7370,8430,20.2,62.6,3.15,16.8,5170,0.04890786,61.175101,0.761982128,5.458676815
49,48,8,14,2.2,no,2022,1880,2707,813,0.3,0.3,13.6,879,1505,643,0.43,0.43,7.6,0,0,0,0,0,0,0,0,0,0,0,0,na,na,na,na,na,na,na,na,na,na,na,na,na,na,na,na,na,na,na,na,na,na,na,na,12800,13300,14.7,19.6,3.07,361,7580,0.020501585,21.642076,0.265308172,1.95257321
50,48,8,14,2.2,no,2022,2005,2687,693,0.26,0.26,14.5,890,1582,656,0.41,0.41,7.7,0,0,0,0,0,0,0,0,0,0,0,0,na,na,na,na,na,na,na,na,na,na,na,na,na,na,na,na,na,na,na,na,na,na,na,na,12800,13300,15.2,17,4.82,359,7600,0.023627416,23.813499,0.215013288,1.562085748
51,48,8,14,2.2,no,2022,2043,2973,923,0.3,0.3,14.8,777,1324,536,0.4,0.4,6.7,0,0,0,0,0,0,0,0,0,0,0,0,na,na,na,na,na,na,na,na,na,na,na,na,na,na,na,na,na,na,na,na,na,na,na,na,12800,12200,10.4,15.4,3.09,327,7560,0.019086975,13.348125,0.208477471,1.452990472
52,48,8,14,2.2,yes,2022,1851,2696,807,0.3,0.3,13.4,494,1025,515,0.5,0.5,4.3,0,0,0,0,0,1.3,0,0,0,0,0,0,na,na,na,na,na,na,na,na,na,na,na,na,na,na,na,na,na,na,na,na,na,na,na,na,12800,10200,13.3,21.6,3.345,335.5,7615,0.012538701,19.600159,0.245379712,1.688266248
53,48,8,14,2.2,yes,2022,1875,2693,828,0.31,0.31,13.6,951,1491,584,0.39,0.39,8.3,0,0,0,0,0,0,0,0,0,0,0,0,na,na,na,na,na,na,na,na,na,na,na,na,na,na,na,na,na,na,na,na,na,na,na,na,12700,13500,8.61,14.5,3.84,320,7590,0.019109791,25.01685,0.20212179,1.393008679
54,48,8,14,2.2,yes,2022,1928,2810,880,0.31,0.31,14,898,1508,593,0.39,0.39,7.8,0,0,0,0,0,0,0,0,0,0,0,0,na,na,na,na,na,na,na,na,na,na,na,na,na,na,na,na,na,na,na,na,na,na,na,na,10200,7570,14.5,13.3,3.01,271,6610,0.022144357,22.706252,0.208542719,1.55011192
55,48,14,14,0,no,2022,679,1023,319,0.31,0.31,3.3,1283,3075,1795,0.58,0.58,7.4,3166,3166,1551,0.49,0.49,5.9,0,0,0,0,0,0,na,na,na,na,na,na,na,na,na,na,na,na,na,na,na,na,na,na,na,na,na,na,na,na,398,716,16.9,12.3,2.81,23.5,40.7,0.015573267,16.320903,0.194894299,1.520779431
56,48,14,14,0,no,2022,664,1024,297,0.29,0.29,3.2,1114,3034,1804,0.59,0.59,6.4,1269,2931,1378,0.47,0.47,4.9,0,0,0,0,0,0,na,na,na,na,na,na,na,na,na,na,na,na,na,na,na,na,na,na,na,na,na,na,na,na,361,654,12.9,12.6,4.17,23.6,33.7,0.024311904,17.26407,0.171481296,1.376359016
57,48,14,14,0,no,2022,643,937,275,0.29,0.29,3.1,1208,2742,1570,0.57,0.57,7,1315,2876,1390,0.48,0.48,5.1,0,0,0,0,0,0,na,na,na,na,na,na,na,na,na,na,na,na,na,na,na,na,na,na,na,na,na,na,na,na,407.5,615,16.1,16.5,3.825,23.3,366.5,0.02095791,16.50227,0.324253067,2.088623196
58,48,14,14,0,yes,2022,690,975,279,0.29,0.29,3.3,1101,2550,1457,0.57,0.57,6.4,1420,2786,1327,0.48,0.48,5.5,0,0,0,0,0,0,na,na,na,na,na,na,na,na,na,na,na,na,na,na,na,na,na,na,na,na,na,na,na,na,385,638,12.1,16.8,3.25,15.9,37.4,0.021231706,12.690047,0.170066599,1.377495825
59,48,14,14,0,yes,2022,648,973,291,0.3,0.3,0,1112,2582,1470,0.57,0.57,0,1331,2866,1349,0.47,0.47,0,0,0,0,0,0,0,na,na,na,na,na,na,na,na,na,na,na,na,na,na,na,na,na,na,na,na,na,na,na,na,373,699,8.88,17.5,3.92,13,41.5,0.022258439,14.38095,0.168330856,1.430114359
60,48,14,14,0,yes,2022,623,872,247,0.28,0.28,3,1152,2603,1474,0.57,0.57,6.7,1255,2519,1220,0.48,0.48,4.8,0,0,0,0,0,0,na,na,na,na,na,na,na,na,na,na,na,na,na,na,na,na,na,na,na,na,na,na,na,na,439,658,7.04,20.1,3.41,13.3,98.3,0.018128691,12.061855,0.166394133,1.437728256
61,48,9,15,55,no,2022,1655,2295,642,0.28,0.28,40.4,0,0,0,0,0,0,622,1021,396,0.39,0.39,12.2,625,769,141,0.18,0.18,12.8,na,na,na,na,na,na,na,na,na,na,na,na,na,na,na,na,na,na,na,na,na,na,na,na,11900,13000,23.1,99.5,6.61,1.91,7170,0.082698778,75.492839,2.186940908,12.30933189
62,48,9,15,55,no,2022,1781,2564,771,0.3,0.3,43.5,0,0,0,0,0,0,642,1022,372,0.36,0.36,12.5,674,898,225,0.25,0.25,13.8,na,na,na,na,na,na,na,na,na,na,na,na,na,na,na,na,na,na,na,na,na,na,na,na,10700,12900,22.8,96.4,9.56,13,6830,0.079517059,95.452878,2.376468629,13.52894783
63,48,9,15,55,no,2022,1898,2484,601,0.24,0.24,46.3,0,0,0,0,0,0,648,1000,360,0.36,0.36,12.7,700,834,135,0.16,0.16,14.4,na,na,na,na,na,na,na,na,na,na,na,na,na,na,na,na,na,na,na,na,na,na,na,na,11800,5590,25.8,56.4,8.34,3.69,7140,0.101694488,87.814661,2.404966354,13.39914441
64,48,9,15,55,yes,2022,1706,2347,649,0.28,0.28,41.7,0,0,0,0,0,0,613,1015,398,0.39,0.39,12,648,805,149,0.19,0.19,13.3,na,na,na,na,na,na,na,na,na,na,na,na,na,na,na,na,na,na,na,na,na,na,na,na,9350,12900,16.3,90,7.85,11.1,6160,0.079882119,105.162019,1.73579827,9.755801558
65,48,9,15,55,yes,2022,1781,2400,630,0.26,0.26,43.5,0,0,0,0,0,0,626,1011,393,0.39,0.39,12.2,677,806,136,0.17,0.17,13.9,na,na,na,na,na,na,na,na,na,na,na,na,na,na,na,na,na,na,na,na,na,na,na,na,4350,12800,21.4,88.1,4.19,1.16,3360,0.089145531,108.341362,1.606413424,9.61270988
66,48,9,15,55,yes,2022,1657,2248,582,0.26,0.26,40.5,0,0,0,0,0,0,576,961,371,0.39,0.39,11.3,652,776,136,0.18,0.18,13.4,na,na,na,na,na,na,na,na,na,na,na,na,na,na,na,na,na,na,na,na,na,na,na,na,9360,12700,24,99.35,7.18,1.65,6250,0.10794615,98.723344,2.356407195,13.5274291
67,48,10,15,110,no,2022,572,742,110,0.15,0.15,2.8,2779,5578,3284,0.59,0.59,16.1,0,0,0,0,0,0,0,0,0,0,0,0,na,na,na,na,na,na,na,na,na,na,na,na,na,na,na,na,na,na,na,na,na,na,na,na,1285,1450,8.07,19.3,3.93,13.65,939.5,0.020273422,14.722588,0.173256192,1.470307708
68,48,10,15,110,no,2022,654,785,123,0.16,0.16,3.2,1850,4636,2779,0.6,0.6,10.7,576,604,0,0,0,2.2,0,0,0,0,0,0,na,na,na,na,na,na,na,na,na,na,na,na,na,na,na,na,na,na,na,na,na,na,na,na,456,2030,15.2,19.9,3.55,16.3,283,0.022737581,16.516041,0.237220377,2.227823287
69,48,10,15,110,no,2022,582,700,107,0.15,0.15,2.8,2197,5289,3203,0.61,0.61,12.7,562,577,0,0,0,2.2,0,0,0,0,0,0,na,na,na,na,na,na,na,na,na,na,na,na,na,na,na,na,na,na,na,na,na,na,na,na,1730,2020,8.4,20,1.86,31.8,1220,0.021437052,16.487327,0.146925058,1.332076043
70,48,10,15,110,yes,2022,643,817,162,0.2,0.2,3.1,2277,6069,3677,0.61,0.61,13.2,536,541,0,0,0,2.1,0,0,0,0,0,0,na,na,na,na,na,na,na,na,na,na,na,na,na,na,na,na,na,na,na,na,na,na,na,na,1660,1180,8.89,20.9,2.68,12.2,1200,0.020661299,16.541239,0.156125817,1.419744641
71,48,10,15,110,yes,2022,547,560,0,0,0,2.6,2425,6643,4149,0.62,0.62,14,540,559,0,0,0,2.1,0,0,0,0,0,0,na,na,na,na,na,na,na,na,na,na,na,na,na,na,na,na,na,na,na,na,na,na,na,na,1660,682,9.85,23.5,2.99,14.6,1210,0.028487284,15.594849,0.147929955,1.416890919
72,48,10,15,110,yes,2022,590,801,211,0.26,0.26,2.8,2293,5172,2919,0.56,0.56,13.3,605,1081,458,0.42,0.42,2.3,0,0,0,0,0,0,na,na,na,na,na,na,na,na,na,na,na,na,na,na,na,na,na,na,na,na,na,na,na,na,1680,2020,9.92,21,2.96,24.8,1190,0.019771463,14.677759,0.129687656,1.164213121
73,48,11,15,2.2,no,2022,1461,1734,270,0.16,0.16,10.6,3053,6244,3159,0.51,0.51,26.5,0,0,0,0,0,0,0,0,0,0,0,0,na,na,na,na,na,na,na,na,na,na,na,na,na,na,na,na,na,na,na,na,na,na,na,na,294,775,13.2,38.7,4.91,5.83,14.7,0.026114391,20.41675,0.182971153,1.564487964
74,48,11,15,2.2,no,2022,1572,1925,336,0.17,0.17,11.4,3564,7608,4003,0.53,0.53,30.9,0,0,0,0,0,0,0,0,0,0,0,0,na,na,na,na,na,na,na,na,na,na,na,na,na,na,na,na,na,na,na,na,na,na,na,na,331,646,14.95,38.85,5.34,4.41,18.5,0.032845195,26.108275,0.210069679,1.668999344
75,48,11,15,2.2,no,2022,1444,1816,326,0.18,0.18,10.4,3393,7306,3730,0.51,0.51,29.5,0,0,0,0,0,0,0,0,0,0,0,0,na,na,na,na,na,na,na,na,na,na,na,na,na,na,na,na,na,na,na,na,na,na,na,na,263,702,14.9,44.6,4.95,5.39,11.1,0.037271554,21.669618,0.23998715,2.019629329
76,48,11,15,2.2,yes,2022,1399,1610,279,0.17,0.17,10.1,3156,6593,3346,0.51,0.51,27.4,0,0,0,0,0,0,0,0,0,0,0,0,na,na,na,na,na,na,na,na,na,na,na,na,na,na,na,na,na,na,na,na,na,na,na,na,285,733,18.3,30.4,3.69,4.12,15.9,0.032160706,15.438387,0.184171814,1.533649415
77,48,11,15,2.2,yes,2022,1304,1593,286,0.18,0.18,9.4,2775,5792,3015,0.52,0.52,24.1,0,0,0,0,0,0,0,0,0,0,0,0,na,na,na,na,na,na,na,na,na,na,na,na,na,na,na,na,na,na,na,na,na,na,na,na,351,659,12.6,37.1,3.9,2.37,18.8,0.02937712,20.942978,0.164629668,1.303449571
78,48,11,15,2.2,yes,2022,1212,1480,263,0.18,0.18,8.8,2926,6006,3036,0.51,0.51,25.4,0,0,0,0,0,0,0,0,0,0,0,0,na,na,na,na,na,na,na,na,na,na,na,na,na,na,na,na,na,na,na,na,na,na,na,na,299,714,11,35.7,4.13,3.2,26.8,0.030746097,21.763671,0.180470627,1.504307985
79,48,12,15,16,no,2022,1506,2510,899,0.36,0.36,7.3,1423,3973,2494,0.63,0.63,8.2,754,749,0,0,0,2.9,0,0,0,0,0,0,na,na,na,na,na,na,na,na,na,na,na,na,na,na,na,na,na,na,na,na,na,na,na,na,2270,2570,8.11,25.3,3.64,15.2,1670,0.03914249,22.267045,0.182496104,1.398947984
80,48,12,15,16,no,2022,1688,2663,926,0.35,0.36,5.4,1883,4128,2279,0.55,0.57,7.3,1151,1793,650,0.36,0.37,3,0,0,0,0,0,0,na,na,na,na,na,na,na,na,na,na,na,na,na,na,na,na,na,na,na,na,na,na,na,na,2340,2150,13.95,23.6,4.145,26.05,1720,0.023125457,27.592613,0.206420682,1.602320522
81,48,12,15,16,no,2022,1873,3181,1171,0.37,0.37,6,1979,4446,2451,0.55,0.55,7.6,1208,1847,653,0.35,0.35,3.1,0,0,0,0,0,0,na,na,na,na,na,na,na,na,na,na,na,na,na,na,na,na,na,na,na,na,na,na,na,na,2370,2850,12.9,28.8,4.06,17.6,1820,0.052010875,26.452257,0.184338875,1.502333432
82,48,12,15,16,yes,2022,1995,3275,1150,0.35,0.35,6.4,2204,5830,3509,0.6,0.6,8.5,1019,1043,0,0,0,2.6,0,0,0,0,0,0,na,na,na,na,na,na,na,na,na,na,na,na,na,na,na,na,na,na,na,na,na,na,na,na,2310,2840,10.7,36.5,3.14,5.64,1730,0.041583832,24.471577,0.229003672,2.080904394
83,48,12,15,16,yes,2022,1398,2535,905,0.36,0.36,6.7,1582,4895,3073,0.63,0.63,9.2,756,734,0,0,0,2.9,0,0,0,0,0,0,na,na,na,na,na,na,na,na,na,na,na,na,na,na,na,na,na,na,na,na,na,na,na,na,2420,2890,12.9,32.95,3.715,15.4,1810,0.021802113,19.184392,0.206799153,1.730540842
84,48,12,15,16,yes,2022,1427,2167,779,0.36,0.36,6.9,1525,3953,2453,0.62,0.62,8.8,712,734,0,0,0,2.7,0,0,0,0,0,0,na,na,na,na,na,na,na,na,na,na,na,na,na,na,na,na,na,na,na,na,na,na,na,na,2490,1570,10.6,22.7,3.73,17,1780,0.025361453,20.335589,0.198057778,1.67860046
85,48,15,15,0,no,2022,964,1379,436,0.32,0.32,4.7,1208,2785,1548,0.56,0.56,7,914,1638,721,0.44,0.44,3.5,0,0,0,0,0,0,na,na,na,na,na,na,na,na,na,na,na,na,na,na,na,na,na,na,na,na,na,na,na,na,360,721,6.42,21.5,2.95,15.6,27,0.018402486,14.639083,0.198219605,1.492162943
86,48,15,15,0,no,2022,1405,1930,505,0.26,0.31,4.5,1702,3823,2054,0.54,0.56,6.6,1396,2327,916,0.39,0.42,3.6,0,0,0,0,0,0,na,na,na,na,na,na,na,na,na,na,na,na,na,na,na,na,na,na,na,na,na,na,na,na,358,811,8.14,20.9,2.88,9.8,25.5,0.012903762,11.349279,0.139058074,1.174477637
87,48,15,15,0,no,2022,1480,2263,742,0.33,0.33,4.8,1717,3863,2137,0.55,0.55,6.6,1208,2138,885,0.41,0.41,3.1,0,0,0,0,0,0,na,na,na,na,na,na,na,na,na,na,na,na,na,na,na,na,na,na,na,na,na,na,na,na,348,647,7.34,17.9,2.84,5.62,27.7,0.014432453,12.709385,0.141099216,1.181797534
88,48,15,15,0,yes,2022,1486,2204,722,0.33,0.33,4.8,2217,4583,2384,0.52,0.52,8.6,1449,2582,1095,0.42,0.42,3.7,0,0,0,0,0,0,na,na,na,na,na,na,na,na,na,na,na,na,na,na,na,na,na,na,na,na,na,na,na,na,597,631,11,21.8,2.15,2.21,25.3,0.017717998,15.361328,0.143265631,1.209087074
89,48,15,15,0,yes,2022,1562,2269,693,0.31,0.31,5,1812,4023,2198,0.55,0.55,7,1439,2374,949,0.4,0.4,3.7,0,0,0,0,0,0,na,na,na,na,na,na,na,na,na,na,na,na,na,na,na,na,na,na,na,na,na,na,na,na,685,616,6.01,24.8,3.3,4.06,38.3,0.016531551,11.393815,0.154713728,1.486749351
90,48,15,15,0,yes,2022,1471,2213,742,0.34,0.34,4.7,1791,3990,2181,0.55,0.55,6.9,1373,2376,990,0.42,0.42,3.5,0,0,0,0,0,0,na,na,na,na,na,na,na,na,na,na,na,na,na,na,na,na,na,na,na,na,na,na,na,na,608,694,5.55,23.9,2.94,5.05,44.6,0.018334038,14.625605,0.175292119,1.456817687
